DominantSpecies,Cover_pct,Layer,Disturbance,Devstage,SiteCode
Bunchberry,40,Herb,Harvest,Establishment,12H
Feathermoss,5,Moss,Harvest,Establishment,12H
RaspberryHoneysuckle,80,LowShrub,Harvest,Establishment,12H
Bunchberry,20,Herb,Harvest,Establishment,12H
BroomMoss,10,Moss,Harvest,Establishment,12H
Honeysuckle,85,LowShrub,Harvest,Establishment,12H
Deadwood,5,Deadwood,Harvest,Establishment,12H
BunchberryBluebeadLily,55,Herb,Harvest,Establishment,12H
Litter,15,Litter,Harvest,Establishment,12H
RaspberryGroundPine,40,LowShrub,Harvest,Establishment,12H
Bunchberry,35,Herb,Harvest,Establishment,12H
FeathermossLichen,15,Moss,Harvest,Establishment,12H
BlueberryHoneysuckle,90,LowShrub,Harvest,Establishment,12H
Bunchberry,25,Herb,Harvest,Establishment,12H
Litter,30,Litter,Harvest,Establishment,12H
BlueberryHoneysuckle,90,LowShrub,Harvest,Establishment,12H
Bunchberry,10,Herb,Harvest,Establishment,12H
Litter,10,Litter,Harvest,Establishment,12H
BlueberryHoneysuckle,80,LowShrub,Harvest,Establishment,12H
BunchberrySarsaparilla,80,Herb,Harvest,Establishment,12H
Feathermoss,15,Moss,Harvest,Establishment,12H
BlueberryHoneysuckle,40,LowShrub,Harvest,Establishment,12H
Bunchberry,25,Herb,Harvest,Establishment,12H
Litter,30,Litter,Harvest,Establishment,12H
BlueberryHoneysuckle,45,LowShrub,Harvest,Establishment,12H
Bunchberry,15,Herb,Harvest,Establishment,12H
Litter,10,Litter,Harvest,Establishment,12H
BlueberryHoneysuckle,95,LowShrub,Harvest,Establishment,12H
Bunchberry,60,Herb,Fire,CrownClosure,B20
Lichen,5,Lichen,Fire,CrownClosure,B20
Litter,25,Litter,Fire,CrownClosure,B20
Blueberry,5,LowShrub,Fire,CrownClosure,B20
Bunchberry,50,Herb,Fire,CrownClosure,B20
CreepingSnowberry,20,Herb,Fire,CrownClosure,B20
Lichen,5,Lichen,Fire,CrownClosure,B20
Feathermoss,50,Moss,Fire,CrownClosure,B20
Blueberry,5,LowShrub,Fire,CrownClosure,B20
Deadwood,30,Deadwood,Fire,CrownClosure,B20
Bunchberry,60,Herb,Fire,CrownClosure,B20
Feathermoss,25,Moss,Fire,CrownClosure,B20
Blueberry,5,LowShrub,Fire,CrownClosure,B20
Bunchberry,80,Herb,Fire,CrownClosure,B20
Mayflower,5,Herb,Fire,CrownClosure,B20
CreepingSnowberry,5,Herb,Fire,CrownClosure,B20
Feathermoss,80,Moss,Fire,CrownClosure,B20
Blueberry,5,LowShrub,Fire,CrownClosure,B20
Deadwood,10,Deadwood,Fire,CrownClosure,B20
Pyrola,5,Herb,Fire,CrownClosure,B20
RattlesnakePlantain,2,Herb,Fire,CrownClosure,B20
Feathermoss,90,Moss,Fire,CrownClosure,B20
Blueberry,1,LowShrub,Fire,CrownClosure,B20
Bunchberry,25,Herb,Fire,CrownClosure,B20
Lichen,10,Lichen,Fire,CrownClosure,B20
Litter,70,Litter,Fire,CrownClosure,B20
Feathermoss,15,Moss,Fire,CrownClosure,B20
Blueberry,5,LowShrub,Fire,CrownClosure,B20
Deadwood,5,Deadwood,Fire,CrownClosure,B20
Lichen,10,Lichen,Fire,CrownClosure,B20
Feathermoss,40,Moss,Fire,CrownClosure,B20
Blueberry,25,LowShrub,Fire,CrownClosure,B20
Deadwood,10,Deadwood,Fire,CrownClosure,B20
Bunchberry,50,Herb,Fire,CrownClosure,B20
Mayflower,5,Herb,Fire,CrownClosure,B20
Feathermoss,90,Moss,Fire,CrownClosure,B20
Blueberry,5,LowShrub,Fire,CrownClosure,B20
Deadwood,30,Deadwood,Fire,CrownClosure,B20
Bunchberry,5,Herb,Fire,CrownClosure,B20
Mayflower,5,Herb,Fire,CrownClosure,B20
Twinflower,1,Herb,Fire,CrownClosure,B20
Litter,15,Litter,Fire,CrownClosure,B20
Feathermoss,60,Moss,Fire,CrownClosure,B20
Bunchberry,10,Herb,Fire,CrownClosure,B20
Lichen,5,Lichen,Fire,CrownClosure,B20
Feathermoss,10,Moss,Fire,CrownClosure,B20
Blueberry,70,LowShrub,Fire,CrownClosure,B20
Bunchberry,50,Herb,Fire,CrownClosure,B20
Lichen,5,Lichen,Fire,CrownClosure,B20
Feathermoss,5,Moss,Fire,CrownClosure,B20
Blueberry,50,LowShrub,Fire,CrownClosure,B20
Bunchberry,50,Herb,Fire,CrownClosure,B20
Sarsaparilla,20,Herb,Fire,CrownClosure,B20
Lichen,1,Lichen,Fire,CrownClosure,B20
Feathermoss,15,Moss,Fire,CrownClosure,B20
Bunchberry,50,Herb,Fire,CrownClosure,B20
Fireweed,3,Herb,Fire,CrownClosure,B20
Sarsaparilla,1,Herb,Fire,CrownClosure,B20
Lichen,5,Lichen,Fire,CrownClosure,B20
Feathermoss,25,Moss,Fire,CrownClosure,B20
Bunchberry,40,Herb,Fire,CrownClosure,B20
Mayflower,10,Herb,Fire,CrownClosure,B20
Lichen,10,Lichen,Fire,CrownClosure,B20
Feathermoss,50,Moss,Fire,CrownClosure,B20
Honeysuckle,20,LowShrub,Fire,CrownClosure,B20
Bunchberry,50,Herb,Fire,CrownClosure,B20
Mayflower,3,Herb,Fire,CrownClosure,B20
Feathermoss,5,Moss,Fire,CrownClosure,B20
Blueberry,80,LowShrub,Fire,CrownClosure,B20
Mayflower,10,Herb,Fire,CrownClosure,B20
Lichen,20,Lichen,Fire,CrownClosure,B20
Feathermoss,40,Moss,Fire,CrownClosure,B20
Blueberry,25,LowShrub,Fire,CrownClosure,B20
Bunchberry,80,Herb,Fire,CrownClosure,B20
Feathermoss,10,Moss,Fire,CrownClosure,B20
Blueberry,25,LowShrub,Fire,CrownClosure,B20
Bunchberry,50,Herb,Fire,CrownClosure,B20
Lichen,5,Lichen,Fire,CrownClosure,B20
Feathermoss,20,Moss,Fire,CrownClosure,B20
Blueberry,70,LowShrub,Fire,CrownClosure,B20
Serviceberry,20,TallShrub,Fire,CrownClosure,B20
Deadwood,5,Deadwood,Fire,Thinning,CB37
Lichen,1,Lichen,Fire,Thinning,CB37
Litter,30,Litter,Fire,Thinning,CB37
Feathermoss,60,Moss,Fire,Thinning,CB37
Deadwood,30,Deadwood,Fire,Thinning,CB37
Lichen,3,Lichen,Fire,Thinning,CB37
Feathermoss,60,Moss,Fire,Thinning,CB37
BlackSpruce,10,regen,Fire,Thinning,CB37
Deadwood,20,Deadwood,Fire,Thinning,CB37
Litter,10,Litter,Fire,Thinning,CB37
Feathermoss,70,Moss,Fire,Thinning,CB37
Deadwood,10,Deadwood,Fire,Thinning,CB37
Lichen,10,Lichen,Fire,Thinning,CB37
Feathermoss,80,Moss,Fire,Thinning,CB37
Deadwood,5,Deadwood,Fire,Thinning,CB37
Lichen,10,Lichen,Fire,Thinning,CB37
Feathermoss,85,Moss,Fire,Thinning,CB37
Deadwood,5,Deadwood,Fire,Thinning,CB37
Bunchberry,75,Herb,Fire,Thinning,CB37
CreepingSnowberry,20,Herb,Fire,Thinning,CB37
Feathermoss,40,Moss,Fire,Thinning,CB37
Lichen,1,Lichen,Fire,Thinning,CB37
Litter,60,Litter,Fire,Thinning,CB37
Feathermoss,25,Moss,Fire,Thinning,CB37
RunningClubMoss,10,Moss,Fire,Thinning,CB37
Deadwood,15,Deadwood,Fire,Thinning,CB37
Lichen,20,Lichen,Fire,Thinning,CB37
Litter,40,Litter,Fire,Thinning,CB37
Feathermoss,20,Moss,Fire,Thinning,CB37
Deadwood,5,Deadwood,Fire,Thinning,CB37
Mayflower,10,Herb,Fire,Thinning,CB37
Lichen,50,Lichen,Fire,Thinning,CB37
Litter,15,Litter,Fire,Thinning,CB37
Feathermoss,30,Moss,Fire,Thinning,CB37
RunningClubMoss,15,Moss,Fire,Thinning,CB37
CreepingSnowberry,1,Herb,Fire,Thinning,CL37
Sphagnum,50,Moss,Fire,Thinning,CL37
Feathermoss,50,Moss,Fire,Thinning,CL37
LabradorTea,10,LowShrub,Fire,Thinning,CL37
Litter,10,Litter,Fire,Thinning,CL37
Sphagnum,20,Moss,Fire,Thinning,CL37
LabradorTea,65,LowShrub,Fire,Thinning,CL37
Blueberry,1,LowShrub,Fire,Thinning,CL37
CreepingSnowberry,1,Herb,Fire,Thinning,CL37
Litter,10,Litter,Fire,Thinning,CL37
Sphagnum,10,Moss,Fire,Thinning,CL37
Feathermoss,10,Moss,Fire,Thinning,CL37
LabradorTea,60,LowShrub,Fire,Thinning,CL37
Blueberry,1,LowShrub,Fire,Thinning,CL37
Deadwood,20,Deadwood,Fire,Thinning,CL37
Litter,100,Litter,Fire,Thinning,CL37
Deadwood,5,Deadwood,Fire,Thinning,CL37
Litter,100,Litter,Fire,Thinning,CL37
Feathermoss,1,Moss,Fire,Thinning,CL37
Mayflower,1,Herb,Fire,Thinning,CL37
Litter,15,Litter,Fire,Thinning,CL37
Feathermoss,80,Moss,Fire,Thinning,CL37
Bunchberry,1,Herb,Fire,Thinning,CL37
Litter,25,Litter,Fire,Thinning,CL37
Feathermoss,75,Moss,Fire,Thinning,CL37
Blueberry,1,LowShrub,Fire,Thinning,CL37
Deadwood,10,Deadwood,Fire,Thinning,CL37
Litter,100,Litter,Fire,Thinning,CL37
Litter,5,Litter,Fire,Thinning,CL37
Feathermoss,95,Moss,Fire,Thinning,CL37
Bunchberry,50,Herb,Harvest,Thinning,C41
Litter,5,Litter,Harvest,Thinning,C41
Feathermoss,80,Moss,Harvest,Thinning,C41
Blueberry,40,LowShrub,Harvest,Thinning,C41
Bunchberry,20,Herb,Harvest,Thinning,C41
BluebeadLily,10,Herb,Harvest,Thinning,C41
Twinflower,5,Herb,Harvest,Thinning,C41
Mayflower,2,Herb,Harvest,Thinning,C41
Feathermoss,80,Moss,Harvest,Thinning,C41
LabradorTea,20,LowShrub,Harvest,Thinning,C41
Deadwood,5,Deadwood,Harvest,Thinning,C41
Bunchberry,15,Herb,Harvest,Thinning,C41
Starflower,2,Herb,Harvest,Thinning,C41
Twinflower,1,Herb,Harvest,Thinning,C41
Feathermoss,80,Moss,Harvest,Thinning,C41
Blueberry,25,LowShrub,Harvest,Thinning,C41
Honeysuckle,10,LowShrub,Harvest,Thinning,C41
Twinflower,5,Herb,Harvest,Thinning,C41
Mayflower,5,Herb,Harvest,Thinning,C41
Bunchberry,5,Herb,Harvest,Thinning,C41
BluebeadLily,5,Herb,Harvest,Thinning,C41
Sarsaparilla,1,Herb,Harvest,Thinning,C41
Feathermoss,95,Moss,Harvest,Thinning,C41
Blueberry,2,LowShrub,Harvest,Thinning,C41
Mayflower,20,Herb,Harvest,Thinning,C41
Twinflower,3,Herb,Harvest,Thinning,C41
Bunchberry,1,Herb,Harvest,Thinning,C41
Feathermoss,90,Moss,Harvest,Thinning,C41
Blueberry,35,LowShrub,Harvest,Thinning,C41
Honeysuckle,10,LowShrub,Harvest,Thinning,C41
Deadwood,5,Deadwood,Harvest,Thinning,C41
BluebeadLily,5,Herb,Harvest,Thinning,C41
Mayflower,3,Herb,Harvest,Thinning,C41
Starflower,1,Herb,Harvest,Thinning,C41
Feathermoss,90,Moss,Harvest,Thinning,C41
Honeysuckle,10,LowShrub,Harvest,Thinning,C41
Blueberry,5,LowShrub,Harvest,Thinning,C41
Bunchberry,5,Herb,Harvest,Thinning,C41
Mayflower,2,Herb,Harvest,Thinning,C41
Starflower,1,Herb,Harvest,Thinning,C41
Feathermoss,20,Moss,Harvest,Thinning,C41
GroundPine,5,Moss,Harvest,Thinning,C41
Blueberry,25,LowShrub,Harvest,Thinning,C41
Honeysuckle,10,LowShrub,Harvest,Thinning,C41
BluebeadLily,25,Herb,Harvest,Thinning,C41
Bunchberry,10,Herb,Harvest,Thinning,C41
Litter,50,Litter,Harvest,Thinning,C41
Feathermoss,50,Moss,Harvest,Thinning,C41
Honeysuckle,30,LowShrub,Harvest,Thinning,C41
Blueberry,5,LowShrub,Harvest,Thinning,C41
SpeckledAlder,5,TallShrub,Harvest,Thinning,C41
Deadwood,5,Deadwood,Harvest,Thinning,C41
BluebeadLily,20,Herb,Harvest,Thinning,C41
Twinflower,10,Herb,Harvest,Thinning,C41
Bunchberry,2,Herb,Harvest,Thinning,C41
Feathermoss,75,Moss,Harvest,Thinning,C41
LabradorTea,20,LowShrub,Harvest,Thinning,C41
Blueberry,5,LowShrub,Harvest,Thinning,C41
Bunchberry,10,Herb,Harvest,CrownClosure,E22
Litter,5,Litter,Harvest,CrownClosure,E22
BlueberryHoneysuckle,70,LowShrub,Harvest,CrownClosure,E22
Bunchberry,40,Herb,Harvest,CrownClosure,E22
Litter,15,Litter,Harvest,CrownClosure,E22
LabradorTea,80,LowShrub,Harvest,CrownClosure,E22
Bunchberry,2,Herb,Harvest,CrownClosure,E22
Feathermoss,100,Moss,Harvest,CrownClosure,E22
Blueberry,30,LowShrub,Harvest,CrownClosure,E22
BunchberryBluebeadLily,30,Herb,Harvest,CrownClosure,E22
Litter,20,Litter,Harvest,CrownClosure,E22
Honeysuckle,45,LowShrub,Harvest,CrownClosure,E22
BluebeadLily,15,Herb,Harvest,CrownClosure,E22
Litter,70,Litter,Harvest,CrownClosure,E22
Honeysuckle,60,LowShrub,Harvest,CrownClosure,E22
Sarsaparilla,60,Herb,Harvest,CrownClosure,E22
Strawberry,15,Herb,Harvest,CrownClosure,E22
Litter,75,Litter,Harvest,CrownClosure,E22
Honeysuckle,40,LowShrub,Harvest,CrownClosure,E22
Bunchberry,60,Herb,Harvest,CrownClosure,E22
Litter,40,Litter,Harvest,CrownClosure,E22
LabradorTea,50,LowShrub,Harvest,CrownClosure,E22
Bunchberry,50,Herb,Harvest,CrownClosure,E22
Litter,70,Litter,Harvest,CrownClosure,E22
Honeysuckle,20,LowShrub,Harvest,CrownClosure,E22
BunchberryBluebeadLily,80,Herb,Harvest,CrownClosure,E22
BroomMoss,30,Moss,Harvest,CrownClosure,E22
Blueberry,40,LowShrub,Harvest,CrownClosure,E22
Bunchberry,35,Herb,Fire,Mature,E90
Feathermoss,70,Moss,Fire,Mature,E90
Blueberry,60,LowShrub,Fire,Mature,E90
Bunchberry,10,Herb,Fire,Mature,E90
Feathermoss,100,Moss,Fire,Mature,E90
LabradorTea,55,LowShrub,Fire,Mature,E90
Bunchberry,5,Herb,Fire,Mature,E90
Feathermoss,10,Moss,Fire,Mature,E90
LabradorTea,75,LowShrub,Fire,Mature,E90
Mayflower,2,Herb,Fire,Mature,E90
Feathermoss,100,Moss,Fire,Mature,E90
Wintergreen,15,LowShrub,Fire,Mature,E90
Feathermoss,100,Moss,Fire,Mature,E90
BlueberryWintergreen,10,LowShrub,Fire,Mature,E90
Feathermoss,90,Moss,Fire,Mature,E90
Blueberry,60,LowShrub,Fire,Mature,E90
Bunchberry,20,Herb,Fire,Mature,E90
Feathermoss,90,Moss,Fire,Mature,E90
Blueberry,80,LowShrub,Fire,Mature,E90
Deadwood,10,Deadwood,Fire,Mature,E90
Bunchberry,15,Herb,Fire,Mature,E90
Feathermoss,95,Moss,Fire,Mature,E90
Honeysuckle,5,LowShrub,Fire,Mature,E90
Deadwood,5,Deadwood,Fire,Mature,E90
Bunchberry,5,Herb,Fire,Mature,E90
Feathermoss,100,Moss,Fire,Mature,E90
Blueberry,2,LowShrub,Fire,Mature,E90
Goldthread,5,Herb,Fire,Mature,E81
Bunchberry,5,Herb,Fire,Mature,E81
BluebeadLily,5,Herb,Fire,Mature,E81
Litter,50,Litter,Fire,Mature,E81
RunningClubMoss,5,Moss,Fire,Mature,E81
Feathermoss,5,Moss,Fire,Mature,E81
Honeysuckle,25,LowShrub,Fire,Mature,E81
Bunchberry,5,Herb,Fire,Mature,E81
Litter,40,Litter,Fire,Mature,E81
Feathermoss,40,Moss,Fire,Mature,E81
RunningClubMoss,10,Moss,Fire,Mature,E81
Honeysuckle,5,LowShrub,Fire,Mature,E81
Mayflower,10,Herb,Fire,Mature,E81
Bunchberry,3,Herb,Fire,Mature,E81
Twinflower,2,Herb,Fire,Mature,E81
Feathermoss,15,Moss,Fire,Mature,E81
Honeysuckle,70,LowShrub,Fire,Mature,E81
BluebeadLily,10,Herb,Fire,Mature,E81
Bunchberry,5,Herb,Fire,Mature,E81
Twinflower,5,Herb,Fire,Mature,E81
CreepingSnowberry,5,Herb,Fire,Mature,E81
RunningClubMoss,70,Moss,Fire,Mature,E81
BrackenFern,5,Herb,Fire,Mature,E81
Bunchberry,5,Herb,Fire,Mature,E81
Mayflower,5,Herb,Fire,Mature,E81
CreepingSnowberry,3,Herb,Fire,Mature,E81
Starflower,2,Herb,Fire,Mature,E81
Litter,75,Litter,Fire,Mature,E81
Honeysuckle,10,LowShrub,Fire,Mature,E81
BluebeadLily,10,Herb,Fire,Mature,E81
Mayflower,5,Herb,Fire,Mature,E81
Twinflower,5,Herb,Fire,Mature,E81
Bunchberry,5,Herb,Fire,Mature,E81
Feathermoss,70,Moss,Fire,Mature,E81
RunningClubMoss,4,Moss,Fire,Mature,E81
Serviceberry,1,TallShrub,Fire,Mature,E81
Twinflower,10,Herb,Fire,Mature,E81
Bunchberry,5,Herb,Fire,Mature,E81
Feathermoss,60,Moss,Fire,Mature,E81
RunningClubMoss,15,Moss,Fire,Mature,E81
Honeysuckle,10,LowShrub,Fire,Mature,E81
Mayflower,8,Herb,Fire,Mature,E81
Goldthread,1,Herb,Fire,Mature,E81
Twinflower,1,Herb,Fire,Mature,E81
Feathermoss,90,Moss,Fire,Mature,E81
CreepingSnowberry,13,Herb,Fire,Mature,E81
BluebeadLily,10,Herb,Fire,Mature,E81
Feathermoss,75,Moss,Fire,Mature,E81
Honeysuckle,2,LowShrub,Fire,Mature,E81
Deadwood,5,Deadwood,Salvage,CrownClosure,F20
Fireweed,5,Herb,Salvage,CrownClosure,F20
Lichen,20,Lichen,Salvage,CrownClosure,F20
Feathermoss,5,Moss,Salvage,CrownClosure,F20
Blueberry,75,LowShrub,Salvage,CrownClosure,F20
Honeysuckle,5,LowShrub,Salvage,CrownClosure,F20
Mayflower,10,Herb,Salvage,CrownClosure,F20
Trailingarbutus,5,Herb,Salvage,CrownClosure,F20
Lichen,80,Lichen,Salvage,CrownClosure,F20
Blueberry,25,LowShrub,Salvage,CrownClosure,F20
PricklyRose,3,LowShrub,Salvage,CrownClosure,F20
Lichen,80,Lichen,Salvage,CrownClosure,F20
RedSoldier,10,Lichen,Salvage,CrownClosure,F20
Blueberry,75,LowShrub,Salvage,CrownClosure,F20
PricklyRose,1,LowShrub,Salvage,CrownClosure,F20
Lichen,20,Lichen,Salvage,CrownClosure,F20
RedSoldier,15,Lichen,Salvage,CrownClosure,F20
Blueberry,75,LowShrub,Salvage,CrownClosure,F20
Honeysuckle,10,LowShrub,Salvage,CrownClosure,F20
Fireweed,5,Herb,Salvage,CrownClosure,F20
Lichen,50,Lichen,Salvage,CrownClosure,F20
RedSoldier,20,Lichen,Salvage,CrownClosure,F20
Blueberry,65,LowShrub,Salvage,CrownClosure,F20
Fireweed,1,Herb,Salvage,CrownClosure,F20
RedSoldier,20,Lichen,Salvage,CrownClosure,F20
Lichen,10,Lichen,Salvage,CrownClosure,F20
Blueberry,75,LowShrub,Salvage,CrownClosure,F20
Honeysuckle,20,LowShrub,Salvage,CrownClosure,F20
Bunchberry,10,Herb,Salvage,CrownClosure,F20
Bearberry,5,Herb,Salvage,CrownClosure,F20
Mayflower,3,Herb,Salvage,CrownClosure,F20
Lichen,20,Lichen,Salvage,CrownClosure,F20
Lichen,5,Lichen,Salvage,CrownClosure,F20
Blueberry,70,LowShrub,Salvage,CrownClosure,F20
Bearberry,10,Herb,Salvage,CrownClosure,F20
CowWheat,5,Herb,Salvage,CrownClosure,F20
Trailingarbutus,5,Herb,Salvage,CrownClosure,F20
Fireweed,2,Herb,Salvage,CrownClosure,F20
Lichen,30,Lichen,Salvage,CrownClosure,F20
Blueberry,50,LowShrub,Salvage,CrownClosure,F20
Honeysuckle,10,LowShrub,Salvage,CrownClosure,F20
CowWheat,10,Herb,Salvage,CrownClosure,F20
PinkLadySlipper,1,Herb,Salvage,CrownClosure,F20
Lichen,75,Lichen,Salvage,CrownClosure,F20
Blueberry,60,LowShrub,Salvage,CrownClosure,F20
Honeysuckle,2,LowShrub,Salvage,CrownClosure,F20
Bedrock,30,Bedrock,Fire,Establishment,GA
Deadwood,30,Deadwood,Fire,Establishment,GA
Feathermoss,70,Moss,Fire,Establishment,GA
Deadwood,10,Deadwood,Fire,Establishment,GA
Fireweed,1,Herb,Fire,Establishment,GA
Litter,90,Litter,Fire,Establishment,GA
Willow,4,TallShrub,Fire,Establishment,GA
Bedrock,45,Bedrock,Fire,Establishment,GA
Deadwood,10,Deadwood,Fire,Establishment,GA
Lichen,5,Lichen,Fire,Establishment,GA
Litter,50,Litter,Fire,Establishment,GA
Deadwood,20,Deadwood,Fire,Establishment,GA
Fireweed,5,Herb,Fire,Establishment,GA
Litter,5,Litter,Fire,Establishment,GA
Honeysuckle,70,LowShrub,Fire,Establishment,GA
Deadwood,50,Deadwood,Fire,Establishment,GA
Litter,50,Litter,Fire,Establishment,GA
Bedrock,70,Bedrock,Fire,Establishment,GA
Feathermoss,10,Moss,Fire,Establishment,GA
Honeysuckle,20,LowShrub,Fire,Establishment,GA
Deadwood,60,Deadwood,Fire,Establishment,GA
Litter,20,Litter,Fire,Establishment,GA
PricklyRose,20,LowShrub,Fire,Establishment,GA
Deadwood,30,Deadwood,Fire,Establishment,GA
Bunchberry,20,Herb,Fire,Establishment,GA
Litter,20,Litter,Fire,Establishment,GA
Blueberry,30,LowShrub,Fire,Establishment,GA
Bedrock,20,Bedrock,Fire,Establishment,GA
Hawkweed,5,Herb,Fire,Establishment,GA
Litter,70,Litter,Fire,Establishment,GA
Willow,5,TallShrub,Fire,Establishment,GA
Bunchberry,50,Herb,Fire,Establishment,GB
Litter,75,Litter,Fire,Establishment,GB
Honeysuckle,75,LowShrub,Fire,Establishment,GB
Deadwood,50,Deadwood,Fire,Establishment,GB
Bunchberry,10,Herb,Fire,Establishment,GB
Litter,80,Litter,Fire,Establishment,GB
GreenAlder,5,TallShrub,Fire,Establishment,GB
Deadwood,15,Deadwood,Fire,Establishment,GB
Bunchberry,2,Herb,Fire,Establishment,GB
Litter,30,Litter,Fire,Establishment,GB
Honeysuckle,75,LowShrub,Fire,Establishment,GB
Willow,1,TallShrub,Fire,Establishment,GB
Deadwood,30,Deadwood,Fire,Establishment,GB
Bunchberry,90,Herb,Fire,Establishment,GB
Bunchberry,30,Herb,Fire,Establishment,GB
Mayflower,2,Herb,Fire,Establishment,GB
Sarsaparilla,1,Herb,Fire,Establishment,GB
Honeysuckle,60,LowShrub,Fire,Establishment,GB
Willow,20,TallShrub,Fire,Establishment,GB
Aspen,5,regen,Fire,Establishment,GB
Willow,3,TallShrub,Fire,Establishment,GB
Deadwood,35,Deadwood,Fire,Establishment,GB
Bunchberry,10,Herb,Fire,Establishment,GB
Bunchberry,5,Herb,Fire,Establishment,GB
Fireweed,5,Herb,Fire,Establishment,GB
BroomMoss,15,Moss,Fire,Establishment,GB
Blueberry,75,LowShrub,Fire,Establishment,GB
Honeysuckle,40,LowShrub,Fire,Establishment,GB
Honeysuckle,25,LowShrub,Fire,Establishment,GB
WhiteBirch,10,regen,Fire,Establishment,GB
Blueberry,10,LowShrub,Fire,Establishment,GB
Deadwood,15,Deadwood,Fire,Establishment,GB
Deadwood,5,Deadwood,Fire,Establishment,GB
Bunchberry,20,Herb,Fire,Establishment,GB
Fireweed,5,Herb,Fire,Establishment,GB
Hawkweed,1,Herb,Fire,Establishment,GB
Fireweed,1,Herb,Fire,Establishment,GB
Twinflower,1,Herb,Fire,Establishment,GB
Hawkweed,1,Herb,Fire,Establishment,GB
Grass,1,Herb,Fire,Establishment,GB
Lichen,1,Lichen,Fire,Establishment,GB
BroomMoss,80,Moss,Fire,Establishment,GB
BroomMoss,60,Moss,Fire,Establishment,GB
Blueberry,10,LowShrub,Fire,Establishment,GB
WhiteBirch,10,regen,Fire,Establishment,GB
Willow,5,TallShrub,Fire,Establishment,GB
Honeysuckle,1,LowShrub,Fire,Establishment,GB
Bedrock,5,Bedrock,Fire,Establishment,GC
Bunchberry,10,Herb,Fire,Establishment,GC
Twinflower,5,Herb,Fire,Establishment,GC
Hawkweed,1,Herb,Fire,Establishment,GC
Blueberry,75,LowShrub,Fire,Establishment,GC
Willow,3,TallShrub,Fire,Establishment,GC
Deadwood,30,Deadwood,Fire,Establishment,GC
Bunchberry,50,Herb,Fire,Establishment,GC
Twinflower,5,Herb,Fire,Establishment,GC
Blueberry,45,LowShrub,Fire,Establishment,GC
Willow,10,TallShrub,Fire,Establishment,GC
Deadwood,50,Deadwood,Fire,Establishment,GC
Bunchberry,30,Herb,Fire,Establishment,GC
Fireweed,5,Herb,Fire,Establishment,GC
BroomMoss,35,Moss,Fire,Establishment,GC
Blueberry,5,LowShrub,Fire,Establishment,GC
Willow,3,TallShrub,Fire,Establishment,GC
BlackSpruce,2,regen,Fire,Establishment,GC
Bunchberry,10,Herb,Fire,Establishment,GC
Feathermoss,70,Moss,Fire,Establishment,GC
Blueberry,20,LowShrub,Fire,Establishment,GC
Deadwood,10,Deadwood,Fire,Establishment,GC
Litter,70,Litter,Fire,Establishment,GC
Willow,10,TallShrub,Fire,Establishment,GC
Blueberry,10,LowShrub,Fire,Establishment,GC
Deadwood,50,Deadwood,Fire,Establishment,GC
Bunchberry,20,Herb,Fire,Establishment,GC
Twinflower,5,Herb,Fire,Establishment,GC
Willow,20,TallShrub,Fire,Establishment,GC
Blueberry,5,LowShrub,Fire,Establishment,GC
Deadwood,40,Deadwood,Fire,Establishment,GC
Bunchberry,10,Herb,Fire,Establishment,GC
Sarsaparilla,5,Herb,Fire,Establishment,GC
Fireweed,3,Herb,Fire,Establishment,GC
Mayflower,1,Herb,Fire,Establishment,GC
Feathermoss,50,Moss,Fire,Establishment,GC
GreenAlder,5,TallShrub,Fire,Establishment,GC
BlackSpruce,3,regen,Fire,Establishment,GC
Willow,3,TallShrub,Fire,Establishment,GC
Deadwood,40,Deadwood,Fire,Establishment,GC
Bunchberry,5,Herb,Fire,Establishment,GC
Fireweed,1,Herb,Fire,Establishment,GC
Feathermoss,60,Moss,Fire,Establishment,GC
Willow,5,TallShrub,Fire,Establishment,GC
Aspen,3,regen,Fire,Establishment,GC
Deadwood,30,Deadwood,Fire,Establishment,GC
Bunchberry,50,Herb,Fire,Establishment,GC
Twinflower,2,Herb,Fire,Establishment,GC
Fireweed,1,Herb,Fire,Establishment,GC
Feathermoss,50,Moss,Fire,Establishment,GC
Blueberry,10,LowShrub,Fire,Establishment,GC
Willow,5,TallShrub,Fire,Establishment,GC
Aspen,1,regen,Fire,Establishment,GC
PinCherry,1,TallShrub,Fire,Establishment,GC
Deadwood,50,Deadwood,Salvage,Establishment,GBA
Sarsaparilla,5,Herb,Salvage,Establishment,GBA
BigLeafAster,5,Herb,Salvage,Establishment,GBA
Bunchberry,5,Herb,Salvage,Establishment,GBA
Lichen,5,Lichen,Salvage,Establishment,GBA
Honeysuckle,20,LowShrub,Salvage,Establishment,GBA
PricklyRose,5,LowShrub,Salvage,Establishment,GBA
Blueberry,5,LowShrub,Salvage,Establishment,GBA
Deadwood,50,Deadwood,Salvage,Establishment,GBA
Bunchberry,10,Herb,Salvage,Establishment,GBA
Grass,5,Herb,Salvage,Establishment,GBA
Mayflower,5,Herb,Salvage,Establishment,GBA
Honeysuckle,25,LowShrub,Salvage,Establishment,GBA
Blueberry,5,LowShrub,Salvage,Establishment,GBA
Deadwood,40,Deadwood,Salvage,Establishment,GBA
Bunchberry,15,Herb,Salvage,Establishment,GBA
GreenAlder,10,TallShrub,Salvage,Establishment,GBA
Horsetail,10,Herb,Salvage,Establishment,GBA
Blueberry,5,LowShrub,Salvage,Establishment,GBA
PricklyRose,5,LowShrub,Salvage,Establishment,GBA
Strawberry,5,Herb,Salvage,Establishment,GBA
Mayflower,5,Herb,Salvage,Establishment,GBA
Grass,5,Herb,Salvage,Establishment,GBA
Bunchberry,5,Herb,Salvage,Establishment,GBA
Lichen,5,Lichen,Salvage,Establishment,GBA
Blueberry,60,LowShrub,Salvage,Establishment,GBA
Honeysuckle,10,LowShrub,Salvage,Establishment,GBA
PricklyRose,5,LowShrub,Salvage,Establishment,GBA
Grass,20,Herb,Salvage,Establishment,GBA
WoodAnemone,5,Herb,Salvage,Establishment,GBA
Mayflower,5,Herb,Salvage,Establishment,GBA
Wildcolumbine,5,Herb,Salvage,Establishment,GBA
Bunchberry,5,Herb,Salvage,Establishment,GBA
Lichen,5,Lichen,Salvage,Establishment,GBA
Blueberry,40,LowShrub,Salvage,Establishment,GBA
GreenAlder,5,TallShrub,Salvage,Establishment,GBA
Honeysuckle,5,LowShrub,Salvage,Establishment,GBA
PricklyRose,5,LowShrub,Salvage,Establishment,GBA
Bunchberry,10,Herb,Salvage,Establishment,GBA
Trailingarbutus,5,Herb,Salvage,Establishment,GBA
Feathermoss,70,Moss,Salvage,Establishment,GBA
Blueberry,10,LowShrub,Salvage,Establishment,GBA
Honeysuckle,5,LowShrub,Salvage,Establishment,GBA
PricklyRose,5,LowShrub,Salvage,Establishment,GBA
Bunchberry,10,Herb,Salvage,Establishment,GBA
Blueberry,80,LowShrub,Salvage,Establishment,GBA
Honeysuckle,10,LowShrub,Salvage,Establishment,GBA
Grass,5,Herb,Salvage,Establishment,GBA
Bunchberry,5,Herb,Salvage,Establishment,GBA
Honeysuckle,70,LowShrub,Salvage,Establishment,GBA
Blueberry,10,LowShrub,Salvage,Establishment,GBA
PricklyRose,5,LowShrub,Salvage,Establishment,GBA
Deadwood,20,Deadwood,Salvage,Establishment,GBA
Bunchberry,5,Herb,Salvage,Establishment,GBA
Strawberry,5,Herb,Salvage,Establishment,GBA
Mayflower,5,Herb,Salvage,Establishment,GBA
Trailingarbutus,5,Herb,Salvage,Establishment,GBA
Honeysuckle,60,LowShrub,Salvage,Establishment,GBA
Bunchberry,50,Herb,Salvage,Establishment,GBB
Twinflower,30,Herb,Salvage,Establishment,GBB
Fireweed,5,Herb,Salvage,Establishment,GBB
Mayflower,5,Herb,Salvage,Establishment,GBB
Cowvetch,1,Herb,Salvage,Establishment,GBB
Pyrola,1,Herb,Salvage,Establishment,GBB
Feathermoss,10,Moss,Salvage,Establishment,GBB
PricklyRose,20,LowShrub,Salvage,Establishment,GBB
Honeysuckle,10,LowShrub,Salvage,Establishment,GBB
Raspberry,10,LowShrub,Salvage,Establishment,GBB
Deadwood,5,Deadwood,Salvage,Establishment,GBB
Bunchberry,20,Herb,Salvage,Establishment,GBB
Twinflower,3,Herb,Salvage,Establishment,GBB
Fireweed,3,Herb,Salvage,Establishment,GBB
Cowvetch,1,Herb,Salvage,Establishment,GBB
Mayflower,1,Herb,Salvage,Establishment,GBB
Litter,10,Litter,Salvage,Establishment,GBB
Raspberry,5,LowShrub,Salvage,Establishment,GBB
Bunchberry,50,Herb,Salvage,Establishment,GBB
Twinflower,10,Herb,Salvage,Establishment,GBB
RoseTwistedStalk,10,Herb,Salvage,Establishment,GBB
Mayflower,2,Herb,Salvage,Establishment,GBB
Fireweed,2,Herb,Salvage,Establishment,GBB
Coltsfoot,2,Herb,Salvage,Establishment,GBB
BigLeafAster,1,Herb,Salvage,Establishment,GBB
Litter,10,Litter,Salvage,Establishment,GBB
PricklyRose,2,LowShrub,Salvage,Establishment,GBB
Deadwood,5,Deadwood,Salvage,Establishment,GBB
Bunchberry,10,Herb,Salvage,Establishment,GBB
Mayflower,5,Herb,Salvage,Establishment,GBB
Litter,15,Litter,Salvage,Establishment,GBB
Blueberry,40,LowShrub,Salvage,Establishment,GBB
PricklyRose,10,LowShrub,Salvage,Establishment,GBB
Honeysuckle,5,LowShrub,Salvage,Establishment,GBB
Honeysuckle,5,LowShrub,Salvage,Establishment,GBB
Bunchberry,10,Herb,Salvage,Establishment,GBB
Litter,10,Litter,Salvage,Establishment,GBB
Blueberry,60,LowShrub,Salvage,Establishment,GBB
Willow,30,TallShrub,Salvage,Establishment,GBB
Honeysuckle,5,LowShrub,Salvage,Establishment,GBB
PricklyRose,5,LowShrub,Salvage,Establishment,GBB
Mayflower,10,Herb,Salvage,Establishment,GBB
Grass,10,Herb,Salvage,Establishment,GBB
Twinflower,8,Herb,Salvage,Establishment,GBB
Lichen,10,Lichen,Salvage,Establishment,GBB
Blueberry,50,LowShrub,Salvage,Establishment,GBB
Honeysuckle,10,LowShrub,Salvage,Establishment,GBB
Deadwood,30,Deadwood,Salvage,Establishment,GBB
Grass,10,Herb,Salvage,Establishment,GBB
Trailingarbutus,3,Herb,Salvage,Establishment,GBB
Hawkweed,2,Herb,Salvage,Establishment,GBB
CowWheat,1,Herb,Salvage,Establishment,GBB
Lichen,10,Lichen,Salvage,Establishment,GBB
Blueberry,40,LowShrub,Salvage,Establishment,GBB
Willow,5,TallShrub,Salvage,Establishment,GBB
PricklyRose,2,LowShrub,Salvage,Establishment,GBB
Honeysuckle,2,LowShrub,Salvage,Establishment,GBB
Trailingarbutus,2,Herb,Salvage,Establishment,GBB
Twinflower,2,Herb,Salvage,Establishment,GBB
Grass,1,Herb,Salvage,Establishment,GBB
Mayflower,1,Herb,Salvage,Establishment,GBB
CowWheat,1,Herb,Salvage,Establishment,GBB
Lichen,25,Lichen,Salvage,Establishment,GBB
Blueberry,40,LowShrub,Salvage,Establishment,GBB
Serviceberry,10,TallShrub,Salvage,Establishment,GBB
Honeysuckle,5,LowShrub,Salvage,Establishment,GBB
Deadwood,5,Deadwood,Salvage,Establishment,GBB
Twinflower,5,Herb,Salvage,Establishment,GBB
CanadaGoldenrod,5,Herb,Salvage,Establishment,GBB
Grass,3,Herb,Salvage,Establishment,GBB
Hawkweed,1,Herb,Salvage,Establishment,GBB
Lichen,50,Lichen,Salvage,Establishment,GBB
Blueberry,50,LowShrub,Salvage,Establishment,GBB
PricklyRose,1,LowShrub,Salvage,Establishment,GBB
Litter,70,Litter,Harvest,Establishment,13H
BunchberryBrackenFern,60,Herb,Harvest,Establishment,13H
Raspberry,5,LowShrub,Harvest,Establishment,13H
BunchberryFireweed,75,Herb,Harvest,Establishment,13H
Sphagnum,15,Moss,Harvest,Establishment,13H
Raspberry,5,LowShrub,Harvest,Establishment,13H
BunchberryStarflower,60,Herb,Harvest,Establishment,13H
BroomMossLitter,35,Moss,Harvest,Establishment,13H
Raspberry,5,LowShrub,Harvest,Establishment,13H
BunchberryFireweed,35,Herb,Harvest,Establishment,13H
BroomMoss,35,Moss,Harvest,Establishment,13H
Bunchberry,40,Herb,Harvest,Establishment,13H
BroomMoss,10,Moss,Harvest,Establishment,13H
LabradorTea,60,LowShrub,Harvest,Establishment,13H
Bunchberry,85,Herb,Harvest,Establishment,13H
BroomMoss,2,Moss,Harvest,Establishment,13H
RaspberryHoneysuckle,30,LowShrub,Harvest,Establishment,13H
BunchberryFireweed,40,Herb,Harvest,Establishment,13H
BroomMossFeathermoss,5,Moss,Harvest,Establishment,13H
Raspberry,5,LowShrub,Harvest,Establishment,13H
BunchberryBrackenFern,70,Herb,Harvest,Establishment,13H
BroomMoss,2,Moss,Harvest,Establishment,13H
Fireweed,70,Herb,Harvest,Establishment,13H
MountainMaple,5,TallShrub,Harvest,Establishment,13H
Deadwood,5,Deadwood,Fire,CrownClosure,H20
Bunchberry,15,Herb,Fire,CrownClosure,H20
Litter,25,Litter,Fire,CrownClosure,H20
Blueberry,75,LowShrub,Fire,CrownClosure,H20
Deadwood,10,Deadwood,Fire,CrownClosure,H20
BunchberryTwinflower,10,Herb,Fire,CrownClosure,H20
Sphagnum,65,Moss,Fire,CrownClosure,H20
Blueberry,20,LowShrub,Fire,CrownClosure,H20
Deadwood,2,Deadwood,Fire,CrownClosure,H20
FeathermossLitter,65,Moss,Fire,CrownClosure,H20
BlueberryCreepingSnowberry,35,LowShrub,Fire,CrownClosure,H20
Deadwood,5,Deadwood,Fire,CrownClosure,H20
Sphagnum,75,Moss,Fire,CrownClosure,H20
BlueberryCreepingSnowberry,30,LowShrub,Fire,CrownClosure,H20
Bunchberry,5,Herb,Fire,CrownClosure,H20
Sphagnum,90,Moss,Fire,CrownClosure,H20
BlueberryLabradorTea,25,LowShrub,Fire,CrownClosure,H20
Deadwood,10,Deadwood,Fire,CrownClosure,H20
Feathermoss,50,Moss,Fire,CrownClosure,H20
Blueberry,60,LowShrub,Fire,CrownClosure,H20
Deadwood,15,Deadwood,Fire,CrownClosure,H20
Bunchberry,40,Herb,Fire,CrownClosure,H20
CreepingSnowberry,30,Herb,Fire,CrownClosure,H20
Feathermoss,65,Moss,Fire,CrownClosure,H20
Mayflower,10,Herb,Fire,CrownClosure,H20
LitterLichen,55,Moss,Fire,CrownClosure,H20
RunningClubMoss,15,Moss,Fire,CrownClosure,H20
Bunchberry,35,Herb,Fire,CrownClosure,H20
FeathermossLitter,70,Moss,Fire,CrownClosure,H20
Blueberry,5,LowShrub,Fire,CrownClosure,H20
Bunchberry,40,Herb,Fire,LateStageThinning,I60
CreepingSnowberry,5,Herb,Fire,LateStageThinning,I60
Mayflower,4,Herb,Fire,LateStageThinning,I60
Litter,5,Litter,Fire,LateStageThinning,I60
Feathermoss,10,Moss,Fire,LateStageThinning,I60
LabradorTea,40,LowShrub,Fire,LateStageThinning,I60
PricklyRose,3,LowShrub,Fire,LateStageThinning,I60
Bunchberry,20,Herb,Fire,LateStageThinning,I60
BluebeadLily,15,Herb,Fire,LateStageThinning,I60
CreepingSnowberry,8,Herb,Fire,LateStageThinning,I60
Mayflower,5,Herb,Fire,LateStageThinning,I60
Twinflower,5,Herb,Fire,LateStageThinning,I60
Litter,10,Litter,Fire,LateStageThinning,I60
Feathermoss,20,Moss,Fire,LateStageThinning,I60
PricklyRose,1,LowShrub,Fire,LateStageThinning,I60
BluebeadLily,15,Herb,Fire,LateStageThinning,I60
Bunchberry,8,Herb,Fire,LateStageThinning,I60
Twinflower,5,Herb,Fire,LateStageThinning,I60
Mayflower,3,Herb,Fire,LateStageThinning,I60
Feathermoss,60,Moss,Fire,LateStageThinning,I60
LabradorTea,8,LowShrub,Fire,LateStageThinning,I60
Honeysuckle,5,LowShrub,Fire,LateStageThinning,I60
Deadwood,2,Deadwood,Fire,LateStageThinning,I60
CreepingSnowberry,10,Herb,Fire,LateStageThinning,I60
Bunchberry,8,Herb,Fire,LateStageThinning,I60
BluebeadLily,8,Herb,Fire,LateStageThinning,I60
Twinflower,1,Herb,Fire,LateStageThinning,I60
Feathermoss,75,Moss,Fire,LateStageThinning,I60
Honeysuckle,5,LowShrub,Fire,LateStageThinning,I60
Blueberry,5,LowShrub,Fire,LateStageThinning,I60
Bunchberry,20,Herb,Fire,LateStageThinning,I60
CreepingSnowberry,15,Herb,Fire,LateStageThinning,I60
BluebeadLily,8,Herb,Fire,LateStageThinning,I60
Twinflower,8,Herb,Fire,LateStageThinning,I60
Mayflower,5,Herb,Fire,LateStageThinning,I60
Starflower,2,Herb,Fire,LateStageThinning,I60
Litter,10,Litter,Fire,LateStageThinning,I60
Feathermoss,10,Moss,Fire,LateStageThinning,I60
LabradorTea,20,LowShrub,Fire,LateStageThinning,I60
Honeysuckle,5,LowShrub,Fire,LateStageThinning,I60
Blueberry,3,LowShrub,Fire,LateStageThinning,I60
Raspberry,2,LowShrub,Fire,LateStageThinning,I60
Bunchberry,60,Herb,Fire,LateStageThinning,I60
Twinflower,15,Herb,Fire,LateStageThinning,I60
Mayflower,8,Herb,Fire,LateStageThinning,I60
Litter,10,Litter,Fire,LateStageThinning,I60
Feathermoss,60,Moss,Fire,LateStageThinning,I60
Honeysuckle,10,LowShrub,Fire,LateStageThinning,I60
Blueberry,5,LowShrub,Fire,LateStageThinning,I60
Bunchberry,8,Herb,Fire,LateStageThinning,I60
Mayflower,5,Herb,Fire,LateStageThinning,I60
Sarsaparilla,4,Herb,Fire,LateStageThinning,I60
BluebeadLily,3,Herb,Fire,LateStageThinning,I60
CreepingSnowberry,2,Herb,Fire,LateStageThinning,I60
Twinflower,2,Herb,Fire,LateStageThinning,I60
Litter,15,Litter,Fire,LateStageThinning,I60
Feathermoss,10,Moss,Fire,LateStageThinning,I60
Honeysuckle,15,LowShrub,Fire,LateStageThinning,I60
LabradorTea,10,LowShrub,Fire,LateStageThinning,I60
Deadwood,10,Deadwood,Fire,LateStageThinning,I60
Bunchberry,25,Herb,Fire,LateStageThinning,I60
Twinflower,15,Herb,Fire,LateStageThinning,I60
CreepingSnowberry,10,Herb,Fire,LateStageThinning,I60
Mayflower,8,Herb,Fire,LateStageThinning,I60
Sarsaparilla,3,Herb,Fire,LateStageThinning,I60
Litter,5,Litter,Fire,LateStageThinning,I60
Feathermoss,30,Moss,Fire,LateStageThinning,I60
Blueberry,5,LowShrub,Fire,LateStageThinning,I60
Bunchberry,8,Herb,Fire,LateStageThinning,I60
Mayflower,5,Herb,Fire,LateStageThinning,I60
CreepingSnowberry,3,Herb,Fire,LateStageThinning,I60
BluebeadLily,2,Herb,Fire,LateStageThinning,I60
Goldthread,2,Herb,Fire,LateStageThinning,I60
Twinflower,2,Herb,Fire,LateStageThinning,I60
Litter,5,Litter,Fire,LateStageThinning,I60
Feathermoss,70,Moss,Fire,LateStageThinning,I60
Blueberry,10,LowShrub,Fire,LateStageThinning,I60
Honeysuckle,3,LowShrub,Fire,LateStageThinning,I60
Bunchberry,25,Herb,Fire,Thinning,L38
Mayflower,5,Herb,Fire,Thinning,L38
Bearberry,3,Herb,Fire,Thinning,L38
Twinflower,3,Herb,Fire,Thinning,L38
Feathermoss,50,Moss,Fire,Thinning,L38
Blueberry,20,LowShrub,Fire,Thinning,L38
Trailingarbutus,1,Herb,Fire,Thinning,L38
Lichen,2,Lichen,Fire,Thinning,L38
Feathermoss,70,Moss,Fire,Thinning,L38
Blueberry,20,LowShrub,Fire,Thinning,L38
Bunchberry,30,Herb,Fire,Thinning,L38
Feathermoss,70,Moss,Fire,Thinning,L38
Honeysuckle,40,LowShrub,Fire,Thinning,L38
Blueberry,5,LowShrub,Fire,Thinning,L38
Bunchberry,20,Herb,Fire,Thinning,L38
Mayflower,5,Herb,Fire,Thinning,L38
Feathermoss,75,Moss,Fire,Thinning,L38
Blueberry,60,LowShrub,Fire,Thinning,L38
Honeysuckle,3,LowShrub,Fire,Thinning,L38
Deadwood,5,Deadwood,Fire,Thinning,L38
Bunchberry,50,Herb,Fire,Thinning,L38
Twinflower,5,Herb,Fire,Thinning,L38
Mayflower,1,Herb,Fire,Thinning,L38
Feathermoss,80,Moss,Fire,Thinning,L38
Blueberry,15,LowShrub,Fire,Thinning,L38
Deadwood,5,Deadwood,Fire,Thinning,L38
Bunchberry,30,Herb,Fire,Thinning,L38
Mayflower,2,Herb,Fire,Thinning,L38
Feathermoss,85,Moss,Fire,Thinning,L38
Blueberry,20,LowShrub,Fire,Thinning,L38
Honeysuckle,5,LowShrub,Fire,Thinning,L38
Mayflower,25,Herb,Fire,Thinning,L38
Feathermoss,80,Moss,Fire,Thinning,L38
Blueberry,50,LowShrub,Fire,Thinning,L38
Honeysuckle,15,LowShrub,Fire,Thinning,L38
Bunchberry,70,Herb,Fire,Thinning,L38
Mayflower,10,Herb,Fire,Thinning,L38
Feathermoss,80,Moss,Fire,Thinning,L38
BroomMoss,3,Moss,Fire,Thinning,L38
Blueberry,20,LowShrub,Fire,Thinning,L38
PinCherry,5,TallShrub,Fire,Thinning,L38
Deadwood,5,Deadwood,Fire,Thinning,L38
Bunchberry,20,Herb,Fire,Thinning,L38
Mayflower,15,Herb,Fire,Thinning,L38
Litter,5,Litter,Fire,Thinning,L38
Feathermoss,40,Moss,Fire,Thinning,L38
Blueberry,40,LowShrub,Fire,Thinning,L38
Honeysuckle,10,LowShrub,Fire,Thinning,L38
Bunchberry,10,Herb,Harvest,Establishment,M15
CreepingSnowberry,5,Herb,Harvest,Establishment,M15
Mayflower,5,Herb,Harvest,Establishment,M15
Feathermoss,40,Moss,Harvest,Establishment,M15
RunningClubMoss,5,Moss,Harvest,Establishment,M15
Blueberry,30,LowShrub,Harvest,Establishment,M15
Raspberry,5,LowShrub,Harvest,Establishment,M15
Bunchberry,5,Herb,Harvest,Establishment,M15
Mayflower,5,Herb,Harvest,Establishment,M15
BluebeadLily,5,Herb,Harvest,Establishment,M15
Feathermoss,20,Moss,Harvest,Establishment,M15
Blueberry,25,LowShrub,Harvest,Establishment,M15
Blueberry,25,LowShrub,Harvest,Establishment,M15
Honeysuckle,15,LowShrub,Harvest,Establishment,M15
Bunchberry,30,Herb,Harvest,Establishment,M15
Mayflower,10,Herb,Harvest,Establishment,M15
Feathermoss,20,Moss,Harvest,Establishment,M15
Blueberry,40,LowShrub,Harvest,Establishment,M15
CreepingSnowberry,3,Herb,Harvest,Establishment,M15
Lichen,5,Lichen,Harvest,Establishment,M15
Feathermoss,90,Moss,Harvest,Establishment,M15
Blueberry,2,LowShrub,Harvest,Establishment,M15
Mayflower,10,Herb,Harvest,Establishment,M15
CreepingSnowberry,10,Herb,Harvest,Establishment,M15
Feathermoss,75,Moss,Harvest,Establishment,M15
Blueberry,5,LowShrub,Harvest,Establishment,M15
CreepingSnowberry,10,Herb,Harvest,Establishment,M15
Mayflower,5,Herb,Harvest,Establishment,M15
Litter,10,Litter,Harvest,Establishment,M15
Feathermoss,40,Moss,Harvest,Establishment,M15
Sphagnum,30,Moss,Harvest,Establishment,M15
Blueberry,5,LowShrub,Harvest,Establishment,M15
Bunchberry,10,Herb,Harvest,Establishment,M15
CreepingSnowberry,5,Herb,Harvest,Establishment,M15
Mayflower,3,Herb,Harvest,Establishment,M15
BluebeadLily,2,Herb,Harvest,Establishment,M15
Feathermoss,20,Moss,Harvest,Establishment,M15
Blueberry,60,LowShrub,Harvest,Establishment,M15
Sarsaparilla,1,Herb,Harvest,Establishment,M15
CreepingSnowberry,1,Herb,Harvest,Establishment,M15
Goldthread,1,Herb,Harvest,Establishment,M15
Feathermoss,5,Moss,Harvest,Establishment,M15
Blueberry,90,LowShrub,Harvest,Establishment,M15
Raspberry,1,LowShrub,Harvest,Establishment,M15
Serviceberry,1,TallShrub,Harvest,Establishment,M15
Bunchberry,20,Herb,Harvest,Establishment,M15
Mayflower,10,Herb,Harvest,Establishment,M15
Feathermoss,15,Moss,Harvest,Establishment,M15
Blueberry,30,LowShrub,Harvest,Establishment,M15
LabradorTea,15,LowShrub,Harvest,Establishment,M15
Blueberry,10,LowShrub,Harvest,Establishment,M15
Litter,100,Litter,Harvest,CrownClosure,M20
Ox-eyeDaisy,70,Herb,Harvest,CrownClosure,M20
Fireweed,1,Herb,Harvest,CrownClosure,M20
Litter,10,Litter,Harvest,CrownClosure,M20
Feathermoss,10,Moss,Harvest,CrownClosure,M20
Raspberry,3,LowShrub,Harvest,CrownClosure,M20
Strawberry,50,Herb,Harvest,CrownClosure,M20
Mayflower,4,Herb,Harvest,CrownClosure,M20
Ox-eyeDaisy,3,Herb,Harvest,CrownClosure,M20
BluebeadLily,3,Herb,Harvest,CrownClosure,M20
Starflower,2,Herb,Harvest,CrownClosure,M20
Lichen,5,Lichen,Harvest,CrownClosure,M20
Litter,10,Litter,Harvest,CrownClosure,M20
Feathermoss,15,Moss,Harvest,CrownClosure,M20
Raspberry,3,LowShrub,Harvest,CrownClosure,M20
Mayflower,5,Herb,Harvest,CrownClosure,M20
Bunchberry,2,Herb,Harvest,CrownClosure,M20
Litter,85,Litter,Harvest,CrownClosure,M20
Feathermoss,5,Moss,Harvest,CrownClosure,M20
GroundPine,2,Moss,Harvest,CrownClosure,M20
Honeysuckle,5,LowShrub,Harvest,CrownClosure,M20
Raspberry,2,LowShrub,Harvest,CrownClosure,M20
Bunchberry,2,Herb,Harvest,CrownClosure,M20
Mayflower,1,Herb,Harvest,CrownClosure,M20
Litter,90,Litter,Harvest,CrownClosure,M20
Feathermoss,1,Moss,Harvest,CrownClosure,M20
Honeysuckle,4,LowShrub,Harvest,CrownClosure,M20
Raspberry,3,LowShrub,Harvest,CrownClosure,M20
Bunchberry,65,Herb,Harvest,CrownClosure,M20
Litter,30,Litter,Harvest,CrownClosure,M20
Feathermoss,5,Moss,Harvest,CrownClosure,M20
RoseTwistedStalk,15,Herb,Harvest,CrownClosure,M20
Mayflower,15,Herb,Harvest,CrownClosure,M20
Bunchberry,5,Herb,Harvest,CrownClosure,M20
FragrantBedstraw,3,Herb,Harvest,CrownClosure,M20
Litter,60,Litter,Harvest,CrownClosure,M20
GroundPine,2,Moss,Harvest,CrownClosure,M20
Mayflower,15,Herb,Harvest,CrownClosure,M20
Bunchberry,5,Herb,Harvest,CrownClosure,M20
Hawkweed,5,Herb,Harvest,CrownClosure,M20
Lichen,5,Lichen,Harvest,CrownClosure,M20
Litter,40,Litter,Harvest,CrownClosure,M20
Feathermoss,10,Moss,Harvest,CrownClosure,M20
Honeysuckle,15,LowShrub,Harvest,CrownClosure,M20
Blueberry,5,LowShrub,Harvest,CrownClosure,M20
Mayflower,40,Herb,Harvest,CrownClosure,M20
Litter,40,Litter,Harvest,CrownClosure,M20
Feathermoss,5,Moss,Harvest,CrownClosure,M20
Honeysuckle,10,LowShrub,Harvest,CrownClosure,M20
MountainMaple,5,TallShrub,Harvest,CrownClosure,M20
Bunchberry,10,Herb,Harvest,Thinning,M37
Mayflower,10,Herb,Harvest,Thinning,M37
Strawberry,5,Herb,Harvest,Thinning,M37
Litter,60,Litter,Harvest,Thinning,M37
Feathermoss,10,Moss,Harvest,Thinning,M37
Blueberry,5,LowShrub,Harvest,Thinning,M37
BluebeadLily,10,Herb,Harvest,Thinning,M37
Litter,80,Litter,Harvest,Thinning,M37
Feathermoss,5,Moss,Harvest,Thinning,M37
Honeysuckle,3,LowShrub,Harvest,Thinning,M37
Blueberry,2,LowShrub,Harvest,Thinning,M37
Mayflower,20,Herb,Harvest,Thinning,M37
Bunchberry,5,Herb,Harvest,Thinning,M37
Twinflower,5,Herb,Harvest,Thinning,M37
Litter,50,Litter,Harvest,Thinning,M37
Honeysuckle,20,LowShrub,Harvest,Thinning,M37
Twinflower,5,Herb,Harvest,Thinning,M37
Litter,5,Litter,Harvest,Thinning,M37
Feathermoss,60,Moss,Harvest,Thinning,M37
Honeysuckle,20,LowShrub,Harvest,Thinning,M37
Blueberry,10,LowShrub,Harvest,Thinning,M37
Bunchberry,5,Herb,Harvest,Thinning,M37
Mayflower,5,Herb,Harvest,Thinning,M37
CreepingSnowberry,5,Herb,Harvest,Thinning,M37
Sarsaparilla,3,Herb,Harvest,Thinning,M37
Twinflower,2,Herb,Harvest,Thinning,M37
Litter,70,Litter,Harvest,Thinning,M37
Feathermoss,5,Moss,Harvest,Thinning,M37
Blueberry,5,LowShrub,Harvest,Thinning,M37
Bunchberry,15,Herb,Harvest,Thinning,M37
BluebeadLily,5,Herb,Harvest,Thinning,M37
Sarsaparilla,5,Herb,Harvest,Thinning,M37
Litter,50,Litter,Harvest,Thinning,M37
RunningClubMoss,10,Moss,Harvest,Thinning,M37
Feathermoss,10,Moss,Harvest,Thinning,M37
Blueberry,5,LowShrub,Harvest,Thinning,M37
Bunchberry,5,Herb,Harvest,Thinning,M37
Sarsaparilla,5,Herb,Harvest,Thinning,M37
Mayflower,5,Herb,Harvest,Thinning,M37
Twinflower,2,Herb,Harvest,Thinning,M37
Litter,60,Litter,Harvest,Thinning,M37
Honeysuckle,15,LowShrub,Harvest,Thinning,M37
Bunchberry,7,Herb,Harvest,Thinning,M37
Sarsaparilla,5,Herb,Harvest,Thinning,M37
Mayflower,2,Herb,Harvest,Thinning,M37
Litter,70,Litter,Harvest,Thinning,M37
Feathermoss,5,Moss,Harvest,Thinning,M37
RunningClubMoss,2,Moss,Harvest,Thinning,M37
Honeysuckle,15,LowShrub,Harvest,Thinning,M37
Blueberry,1,LowShrub,Harvest,Thinning,M37
Bunchberry,20,Herb,Harvest,Thinning,M37
Sarsaparilla,15,Herb,Harvest,Thinning,M37
Goldthread,15,Herb,Harvest,Thinning,M37
Mayflower,10,Herb,Harvest,Thinning,M37
Twinflower,5,Herb,Harvest,Thinning,M37
Starflower,2,Herb,Harvest,Thinning,M37
Litter,20,Litter,Harvest,Thinning,M37
Feathermoss,15,Moss,Harvest,Thinning,M37
Blueberry,5,LowShrub,Harvest,Thinning,M37
Violet,1,Herb,Fire,CrownClosure,N21
Feathermoss,10,Moss,Fire,CrownClosure,N21
GroundPine,5,Moss,Fire,CrownClosure,N21
Honeysuckle,75,LowShrub,Fire,CrownClosure,N21
Mayflower,1,Herb,Fire,CrownClosure,N21
Litter,40,Litter,Fire,CrownClosure,N21
Feathermoss,30,Moss,Fire,CrownClosure,N21
Honeysuckle,50,LowShrub,Fire,CrownClosure,N21
Litter,80,Litter,Fire,CrownClosure,N21
Honeysuckle,30,LowShrub,Fire,CrownClosure,N21
MountainMaple,1,TallShrub,Fire,CrownClosure,N21
Deadwood,20,Deadwood,Fire,CrownClosure,N21
BluebeadLily,10,Herb,Fire,CrownClosure,N21
BigLeafAster,5,Herb,Fire,CrownClosure,N21
Bunchberry,1,Herb,Fire,CrownClosure,N21
Litter,80,Litter,Fire,CrownClosure,N21
Feathermoss,1,Moss,Fire,CrownClosure,N21
Honeysuckle,10,LowShrub,Fire,CrownClosure,N21
BluebeadLily,3,Herb,Fire,CrownClosure,N21
Grass,3,Herb,Fire,CrownClosure,N21
Strawberry,2,Herb,Fire,CrownClosure,N21
BigLeafAster,1,Herb,Fire,CrownClosure,N21
Bunchberry,1,Herb,Fire,CrownClosure,N21
Litter,80,Litter,Fire,CrownClosure,N21
Feathermoss,10,Moss,Fire,CrownClosure,N21
BluebeadLily,3,Herb,Fire,CrownClosure,N21
Grass,1,Herb,Fire,CrownClosure,N21
Violet,1,Herb,Fire,CrownClosure,N21
FragrantBedstraw,1,Herb,Fire,CrownClosure,N21
Litter,50,Litter,Fire,CrownClosure,N21
Sphagnum,20,Moss,Fire,CrownClosure,N21
BrackenFern,15,Herb,Fire,CrownClosure,N21
BluebeadLily,1,Herb,Fire,CrownClosure,N21
Litter,80,Litter,Fire,CrownClosure,N21
GroundPine,1,Moss,Fire,CrownClosure,N21
Honeysuckle,80,LowShrub,Fire,CrownClosure,N21
BluebeadLily,5,Herb,Fire,CrownClosure,N21
Honeysuckle,80,LowShrub,Fire,CrownClosure,N21
BrackenFern,15,Herb,Fire,CrownClosure,N21
Strawberry,1,Herb,Fire,CrownClosure,N21
FragrantBedstraw,1,Herb,Fire,CrownClosure,N21
Litter,80,Litter,Fire,CrownClosure,N21
Honeysuckle,30,LowShrub,Fire,CrownClosure,N21
Bunchberry,30,Herb,Salvage,CrownClosure,NM
Lichen,15,Lichen,Salvage,CrownClosure,NM
Blueberry,65,LowShrub,Salvage,CrownClosure,NM
BunchberryFireweed,10,Herb,Salvage,CrownClosure,NM
Lichen,20,Lichen,Salvage,CrownClosure,NM
Blueberry,60,LowShrub,Salvage,CrownClosure,NM
Bunchberry,25,Herb,Salvage,CrownClosure,NM
Lichen,10,Lichen,Salvage,CrownClosure,NM
Blueberry,50,LowShrub,Salvage,CrownClosure,NM
Bunchberry,15,Herb,Salvage,CrownClosure,NM
Lichen,10,Lichen,Salvage,CrownClosure,NM
Blueberry,60,LowShrub,Salvage,CrownClosure,NM
Deadwood,10,Deadwood,Salvage,CrownClosure,NM
Bunchberry,30,Herb,Salvage,CrownClosure,NM
Blueberry,30,LowShrub,Salvage,CrownClosure,NM
Bunchberry,25,Herb,Salvage,CrownClosure,NM
Litter,65,Litter,Salvage,CrownClosure,NM
Blueberry,70,LowShrub,Salvage,CrownClosure,NM
Bunchberry,40,Herb,Salvage,CrownClosure,NM
Lichen,10,Lichen,Salvage,CrownClosure,NM
MineralSoil,5,Mineral Soil,Salvage,CrownClosure,NM
Blueberry,30,LowShrub,Salvage,CrownClosure,NM
Mayflower,5,Herb,Salvage,CrownClosure,NM
BroomMoss,10,Moss,Salvage,CrownClosure,NM
Blueberry,70,LowShrub,Salvage,CrownClosure,NM
Bunchberry,15,Herb,Salvage,CrownClosure,NM
Litter,20,Litter,Salvage,CrownClosure,NM
BlueberryHoneysuckle,60,LowShrub,Salvage,CrownClosure,NM
Bunchberry,80,Herb,Harvest,Thinning,P37
Mayflower,3,Herb,Harvest,Thinning,P37
Bearberry,1,Herb,Harvest,Thinning,P37
Feathermoss,70,Moss,Harvest,Thinning,P37
Blueberry,5,LowShrub,Harvest,Thinning,P37
Bunchberry,50,Herb,Harvest,Thinning,P37
Litter,10,Litter,Harvest,Thinning,P37
Feathermoss,75,Moss,Harvest,Thinning,P37
Blueberry,50,LowShrub,Harvest,Thinning,P37
Bunchberry,40,Herb,Harvest,Thinning,P37
Bearberry,10,Herb,Harvest,Thinning,P37
Mayflower,10,Herb,Harvest,Thinning,P37
Feathermoss,70,Moss,Harvest,Thinning,P37
Blueberry,20,LowShrub,Harvest,Thinning,P37
Deadwood,5,Deadwood,Harvest,Thinning,P37
Bunchberry,20,Herb,Harvest,Thinning,P37
Mayflower,2,Herb,Harvest,Thinning,P37
Litter,5,Litter,Harvest,Thinning,P37
Feathermoss,70,Moss,Harvest,Thinning,P37
Blueberry,20,LowShrub,Harvest,Thinning,P37
Bunchberry,25,Herb,Harvest,Thinning,P37
Twinflower,15,Herb,Harvest,Thinning,P37
Mayflower,10,Herb,Harvest,Thinning,P37
Feathermoss,75,Moss,Harvest,Thinning,P37
Blueberry,15,LowShrub,Harvest,Thinning,P37
Deadwood,1,Deadwood,Harvest,Thinning,P37
Mayflower,5,Herb,Harvest,Thinning,P37
Blueberry,50,LowShrub,Harvest,Thinning,P37
Wintergreen,1,LowShrub,Harvest,Thinning,P37
Bunchberry,5,Herb,Harvest,Thinning,P37
Feathermoss,95,Moss,Harvest,Thinning,P37
Honeysuckle,15,LowShrub,Harvest,Thinning,P37
Blueberry,3,LowShrub,Harvest,Thinning,P37
Bunchberry,70,Herb,Harvest,Thinning,P37
Twinflower,5,Herb,Harvest,Thinning,P37
Bunchberry,3,Herb,Harvest,Thinning,P37
Feathermoss,40,Moss,Harvest,Thinning,P37
Blueberry,20,LowShrub,Harvest,Thinning,P37
Honeysuckle,1,LowShrub,Harvest,Thinning,P37
Deadwood,5,Deadwood,Harvest,Thinning,P37
Bunchberry,25,Herb,Harvest,Thinning,P37
Twinflower,5,Herb,Harvest,Thinning,P37
Feathermoss,60,Moss,Harvest,Thinning,P37
Blueberry,25,LowShrub,Harvest,Thinning,P37
Honeysuckle,10,LowShrub,Harvest,Thinning,P37
GreenAlder,5,TallShrub,Harvest,Thinning,P37
Bedrock,20,Bedrock,Salvage,Establishment,S12
Mayflower,10,Herb,Salvage,Establishment,S12
Lichen,5,Lichen,Salvage,Establishment,S12
Litter,60,Litter,Salvage,Establishment,S12
Honeysuckle,5,LowShrub,Salvage,Establishment,S12
Deadwood,20,Deadwood,Salvage,Establishment,S12
Mayflower,3,Herb,Salvage,Establishment,S12
Litter,75,Litter,Salvage,Establishment,S12
Honeysuckle,2,LowShrub,Salvage,Establishment,S12
Bunchberry,25,Herb,Salvage,Establishment,S12
BluebeadLily,15,Herb,Salvage,Establishment,S12
Mayflower,10,Herb,Salvage,Establishment,S12
BigLeafAster,2,Herb,Salvage,Establishment,S12
Fireweed,1,Herb,Salvage,Establishment,S12
Sarsaparilla,1,Herb,Salvage,Establishment,S12
Litter,60,Litter,Salvage,Establishment,S12
GroundCedar,15,Moss,Salvage,Establishment,S12
Honeysuckle,40,LowShrub,Salvage,Establishment,S12
Raspberry,5,LowShrub,Salvage,Establishment,S12
Deadwood,20,Deadwood,Salvage,Establishment,S12
Mayflower,2,Herb,Salvage,Establishment,S12
Litter,80,Litter,Salvage,Establishment,S12
Honeysuckle,15,LowShrub,Salvage,Establishment,S12
Mayflower,1,Herb,Salvage,Establishment,S12
Hawkweed,1,Herb,Salvage,Establishment,S12
Lichen,5,Lichen,Salvage,Establishment,S12
Litter,95,Litter,Salvage,Establishment,S12
Feathermoss,5,Moss,Salvage,Establishment,S12
Deadwood,5,Deadwood,Salvage,Establishment,S12
Mayflower,6,Herb,Salvage,Establishment,S12
BigLeafAster,4,Herb,Salvage,Establishment,S12
Hawkweed,3,Herb,Salvage,Establishment,S12
Fireweed,1,Herb,Salvage,Establishment,S12
Lichen,5,Lichen,Salvage,Establishment,S12
Litter,5,Litter,Salvage,Establishment,S12
Bunchberry,60,Herb,Salvage,Establishment,S12
BigLeafAster,10,Herb,Salvage,Establishment,S12
BluebeadLily,10,Herb,Salvage,Establishment,S12
Hawkweed,8,Herb,Salvage,Establishment,S12
Goldthread,7,Herb,Salvage,Establishment,S12
Mayflower,3,Herb,Salvage,Establishment,S12
Pearlyeverlasting,2,Herb,Salvage,Establishment,S12
Fireweed,2,Herb,Salvage,Establishment,S12
Lichen,5,Lichen,Salvage,Establishment,S12
Litter,20,Litter,Salvage,Establishment,S12
Feathermoss,5,Moss,Salvage,Establishment,S12
Honeysuckle,4,LowShrub,Salvage,Establishment,S12
Deadwood,10,Deadwood,Salvage,Establishment,S12
Hawkweed,8,Herb,Salvage,Establishment,S12
BigLeafAster,5,Herb,Salvage,Establishment,S12
Mayflower,2,Herb,Salvage,Establishment,S12
Litter,85,Litter,Salvage,Establishment,S12
BigLeafAster,25,Herb,Salvage,Establishment,S12
Mayflower,15,Herb,Salvage,Establishment,S12
Hawkweed,10,Herb,Salvage,Establishment,S12
Fireweed,1,Herb,Salvage,Establishment,S12
Litter,60,Litter,Salvage,Establishment,S12
Feathermoss,10,Moss,Salvage,Establishment,S12
Bunchberry,2,Herb,Fire,Mature,SDS
Feathermoss,100,Moss,Fire,Mature,SDS
Blueberry,5,LowShrub,Fire,Mature,SDS
Bunchberry,45,Herb,Fire,Mature,SDS
Feathermoss,100,Moss,Fire,Mature,SDS
BlueberryCreepingSnowberry,50,LowShrub,Fire,Mature,SDS
CreepingSnowberry,2,Herb,Fire,Mature,SDS
Feathermoss,100,Moss,Fire,Mature,SDS
Bunchberry,20,Herb,Fire,Mature,SDS
Feathermoss,100,Moss,Fire,Mature,SDS
Bunchberry,2,Herb,Fire,Mature,SDS
Feathermoss,100,Moss,Fire,Mature,SDS
Blueberry,2,LowShrub,Fire,Mature,SDS
Bunchberry,15,Herb,Fire,Mature,SDS
Feathermoss,85,Moss,Fire,Mature,SDS
Blueberry,80,LowShrub,Fire,Mature,SDS
BunchberrySarsaparilla,30,Herb,Fire,Mature,SDS
Feathermoss,50,Moss,Fire,Mature,SDS
BlueberryServiceberry,40,LowShrub,Fire,Mature,SDS
BunchberryTwinflowerPyrola,15,Herb,Fire,Mature,SDS
Litter,25,Litter,Fire,Mature,SDS
Feathermoss,55,Moss,Fire,Mature,SDS
Blueberry,3,LowShrub,Fire,Mature,SDS
Deadwood,15,Deadwood,Fire,Mature,SDS
BunchberryTwinflower,35,Herb,Fire,Mature,SDS
Litter,75,Litter,Fire,Mature,SDS
Feathermoss,5,Moss,Fire,Mature,SDS
BlueberryHoneysuckle,30,LowShrub,Fire,Mature,SDS
Bunchberry,10,Herb,Harvest,LateStageThinning,SOW
Mayflower,5,Herb,Harvest,LateStageThinning,SOW
Twinflower,2,Herb,Harvest,LateStageThinning,SOW
Starflower,2,Herb,Harvest,LateStageThinning,SOW
Litter,10,Litter,Harvest,LateStageThinning,SOW
Feathermoss,60,Moss,Harvest,LateStageThinning,SOW
Honeysuckle,2,LowShrub,Harvest,LateStageThinning,SOW
Blueberry,2,LowShrub,Harvest,LateStageThinning,SOW
Twinflower,20,Herb,Harvest,LateStageThinning,SOW
Bunchberry,15,Herb,Harvest,LateStageThinning,SOW
Mayflower,5,Herb,Harvest,LateStageThinning,SOW
Feathermoss,75,Moss,Harvest,LateStageThinning,SOW
Blueberry,10,LowShrub,Harvest,LateStageThinning,SOW
Honeysuckle,8,LowShrub,Harvest,LateStageThinning,SOW
Mayflower,20,Herb,Harvest,LateStageThinning,SOW
Bunchberry,10,Herb,Harvest,LateStageThinning,SOW
Litter,10,Litter,Harvest,LateStageThinning,SOW
Feathermoss,50,Moss,Harvest,LateStageThinning,SOW
Blueberry,15,LowShrub,Harvest,LateStageThinning,SOW
Honeysuckle,5,LowShrub,Harvest,LateStageThinning,SOW
Bunchberry,10,Herb,Harvest,LateStageThinning,SOW
Mayflower,5,Herb,Harvest,LateStageThinning,SOW
Twinflower,2,Herb,Harvest,LateStageThinning,SOW
Litter,5,Litter,Harvest,LateStageThinning,SOW
Feathermoss,90,Moss,Harvest,LateStageThinning,SOW
Blueberry,10,LowShrub,Harvest,LateStageThinning,SOW
Mayflower,20,Herb,Harvest,LateStageThinning,SOW
Twinflower,15,Herb,Harvest,LateStageThinning,SOW
Bunchberry,10,Herb,Harvest,LateStageThinning,SOW
Sarsaparilla,5,Herb,Harvest,LateStageThinning,SOW
Litter,5,Litter,Harvest,LateStageThinning,SOW
Feathermoss,60,Moss,Harvest,LateStageThinning,SOW
Honeysuckle,8,LowShrub,Harvest,LateStageThinning,SOW
Blueberry,5,LowShrub,Harvest,LateStageThinning,SOW
Bunchberry,30,Herb,Harvest,LateStageThinning,SOW
Twinflower,15,Herb,Harvest,LateStageThinning,SOW
Mayflower,8,Herb,Harvest,LateStageThinning,SOW
Sarsaparilla,1,Herb,Harvest,LateStageThinning,SOW
Litter,5,Litter,Harvest,LateStageThinning,SOW
Feathermoss,60,Moss,Harvest,LateStageThinning,SOW
Blueberry,5,LowShrub,Harvest,LateStageThinning,SOW
Bunchberry,20,Herb,Harvest,LateStageThinning,SOW
Mayflower,5,Herb,Harvest,LateStageThinning,SOW
Twinflower,2,Herb,Harvest,LateStageThinning,SOW
Litter,5,Litter,Harvest,LateStageThinning,SOW
Feathermoss,50,Moss,Harvest,LateStageThinning,SOW
Blueberry,60,LowShrub,Harvest,LateStageThinning,SOW
Honeysuckle,1,LowShrub,Harvest,LateStageThinning,SOW
Bunchberry,40,Herb,Harvest,LateStageThinning,SOW
Mayflower,15,Herb,Harvest,LateStageThinning,SOW
Twinflower,8,Herb,Harvest,LateStageThinning,SOW
Trailingarbutus,4,Herb,Harvest,LateStageThinning,SOW
Pearlyeverlasting,3,Herb,Harvest,LateStageThinning,SOW
Litter,5,Litter,Harvest,LateStageThinning,SOW
Feathermoss,50,Moss,Harvest,LateStageThinning,SOW
Blueberry,10,LowShrub,Harvest,LateStageThinning,SOW
Bunchberry,10,Herb,Harvest,LateStageThinning,SOW
Mayflower,10,Herb,Harvest,LateStageThinning,SOW
Sarsaparilla,8,Herb,Harvest,LateStageThinning,SOW
Twinflower,6,Herb,Harvest,LateStageThinning,SOW
Litter,20,Litter,Harvest,LateStageThinning,SOW
Feathermoss,10,Moss,Harvest,LateStageThinning,SOW
Blueberry,15,LowShrub,Harvest,LateStageThinning,SOW
BunchberryMayflower,70,Herb,Harvest,LateStageThinning,T
Feathermoss,20,Moss,Harvest,LateStageThinning,T
BlueberryHoneysuckle,30,LowShrub,Harvest,LateStageThinning,T
Bunchberry,80,Herb,Harvest,LateStageThinning,T
Litter,7,Litter,Harvest,LateStageThinning,T
Feathermoss,8,Moss,Harvest,LateStageThinning,T
BlueberryPricklyRoseHoneysuckle,30,LowShrub,Harvest,LateStageThinning,T
Bunchberry,30,Herb,Harvest,LateStageThinning,T
Feathermoss,50,Moss,Harvest,LateStageThinning,T
BlueberryHoneysuckle,25,LowShrub,Harvest,LateStageThinning,T
Bunchberry,15,Herb,Harvest,LateStageThinning,T
Feathermoss,80,Moss,Harvest,LateStageThinning,T
BlueberryHoneysuckle,45,LowShrub,Harvest,LateStageThinning,T
BunchberryTrailingArbutus,70,Herb,Harvest,LateStageThinning,T
Litter,5,Litter,Harvest,LateStageThinning,T
Feathermoss,5,Moss,Harvest,LateStageThinning,T
BlueberryHoneysuckle,35,LowShrub,Harvest,LateStageThinning,T
Bunchberry,30,Herb,Harvest,LateStageThinning,T
Feathermoss,65,Moss,Harvest,LateStageThinning,T
BlueberryHoneysuckle,25,LowShrub,Harvest,LateStageThinning,T
BunchberryCreepingSnowberry,35,Herb,Harvest,LateStageThinning,T
FeathermossRunningClubMoss,75,Moss,Harvest,LateStageThinning,T
Blueberry,30,LowShrub,Harvest,LateStageThinning,T
BunchberryCreepingSnowberry,75,Herb,Harvest,LateStageThinning,T
Feathermoss,40,Moss,Harvest,LateStageThinning,T
BlueberryHoneysuckle,5,LowShrub,Harvest,LateStageThinning,T
BunchberryMayflower,15,Herb,Harvest,LateStageThinning,T
Feathermoss,50,Moss,Harvest,LateStageThinning,T
Blueberry,75,LowShrub,Harvest,LateStageThinning,T
Deadwood,3,Deadwood,Fire,LateStageThinning,V
Mayflower,10,Herb,Fire,LateStageThinning,V
Feathermoss,80,Moss,Fire,LateStageThinning,V
Starflower,2,Herb,Fire,LateStageThinning,V
Bearberry,2,Herb,Fire,LateStageThinning,V
Twinflower,2,Herb,Fire,LateStageThinning,V
Litter,5,Litter,Fire,LateStageThinning,V
Feathermoss,90,Moss,Fire,LateStageThinning,V
Deadwood,5,Deadwood,Fire,LateStageThinning,V
Lichen,20,Lichen,Fire,LateStageThinning,V
Litter,10,Litter,Fire,LateStageThinning,V
Feathermoss,70,Moss,Fire,LateStageThinning,V
Deadwood,5,Deadwood,Fire,LateStageThinning,V
Twinflower,5,Herb,Fire,LateStageThinning,V
Bunchberry,3,Herb,Fire,LateStageThinning,V
Starflower,3,Herb,Fire,LateStageThinning,V
Feathermoss,80,Moss,Fire,LateStageThinning,V
WhiteBirch,2,regen,Fire,LateStageThinning,V
Deadwood,10,Deadwood,Fire,LateStageThinning,V
Mayflower,3,Herb,Fire,LateStageThinning,V
Lichen,5,Lichen,Fire,LateStageThinning,V
Litter,20,Litter,Fire,LateStageThinning,V
Feathermoss,50,Moss,Fire,LateStageThinning,V
GroundPine,1,Moss,Fire,LateStageThinning,V
Bunchberry,30,Herb,Fire,LateStageThinning,V
Goldthread,10,Herb,Fire,LateStageThinning,V
CowWheat,5,Herb,Fire,LateStageThinning,V
CreepingSnowberry,5,Herb,Fire,LateStageThinning,V
Mayflower,3,Herb,Fire,LateStageThinning,V
BluebeadLily,1,Herb,Fire,LateStageThinning,V
Feathermoss,95,Moss,Fire,LateStageThinning,V
Blueberry,5,LowShrub,Fire,LateStageThinning,V
Deadwood,10,Deadwood,Fire,LateStageThinning,V
Twinflower,5,Herb,Fire,LateStageThinning,V
Starflower,1,Herb,Fire,LateStageThinning,V
Mayflower,1,Herb,Fire,LateStageThinning,V
Strawberry,1,Herb,Fire,LateStageThinning,V
Feathermoss,90,Moss,Fire,LateStageThinning,V
Deadwood,5,Deadwood,Fire,LateStageThinning,V
Starflower,3,Herb,Fire,LateStageThinning,V
Twinflower,2,Herb,Fire,LateStageThinning,V
Dogbane,1,Herb,Fire,LateStageThinning,V
Bunchberry,1,Herb,Fire,LateStageThinning,V
Lichen,15,Lichen,Fire,LateStageThinning,V
Feathermoss,80,Moss,Fire,LateStageThinning,V
Blueberry,1,LowShrub,Fire,LateStageThinning,V
Deadwood,20,Deadwood,Fire,LateStageThinning,V
Twinflower,20,Herb,Fire,LateStageThinning,V
Mayflower,10,Herb,Fire,LateStageThinning,V
Bunchberry,1,Herb,Fire,LateStageThinning,V
BluebeadLily,1,Herb,Fire,LateStageThinning,V
Feathermoss,75,Moss,Fire,LateStageThinning,V
BlackSpruce,5,regen,Fire,LateStageThinning,V
Bunchberry,75,Herb,Harvest,CrownClosure,WB
Mayflower,15,Herb,Harvest,CrownClosure,WB
Litter,20,Litter,Harvest,CrownClosure,WB
Honeysuckle,15,LowShrub,Harvest,CrownClosure,WB
Blueberry,5,LowShrub,Harvest,CrownClosure,WB
Bunchberry,75,Herb,Harvest,CrownClosure,WB
Mayflower,10,Herb,Harvest,CrownClosure,WB
Starflower,3,Herb,Harvest,CrownClosure,WB
Feathermoss,5,Moss,Harvest,CrownClosure,WB
Blueberry,1,LowShrub,Harvest,CrownClosure,WB
Bunchberry,75,Herb,Harvest,CrownClosure,WB
Strawberry,5,Herb,Harvest,CrownClosure,WB
Starflower,2,Herb,Harvest,CrownClosure,WB
Litter,20,Litter,Harvest,CrownClosure,WB
Blueberry,20,LowShrub,Harvest,CrownClosure,WB
Honeysuckle,15,LowShrub,Harvest,CrownClosure,WB
LabradorTea,2,LowShrub,Harvest,CrownClosure,WB
BalsamFir,1,regen,Harvest,CrownClosure,WB
Bunchberry,80,Herb,Harvest,CrownClosure,WB
Twinflower,10,Herb,Harvest,CrownClosure,WB
Blueberry,10,LowShrub,Harvest,CrownClosure,WB
BluebeadLily,30,Herb,Harvest,CrownClosure,WB
Bunchberry,30,Herb,Harvest,CrownClosure,WB
Starflower,5,Herb,Harvest,CrownClosure,WB
BrackenFern,30,Herb,Harvest,CrownClosure,WB
Mayflower,5,Herb,Harvest,CrownClosure,WB
Litter,15,Litter,Harvest,CrownClosure,WB
Blueberry,80,LowShrub,Harvest,CrownClosure,WB
Raspberry,5,LowShrub,Harvest,CrownClosure,WB
Bunchberry,80,Herb,Harvest,CrownClosure,WB
Starflower,5,Herb,Harvest,CrownClosure,WB
Mayflower,5,Herb,Harvest,CrownClosure,WB
Honeysuckle,5,LowShrub,Harvest,CrownClosure,WB
Blueberry,5,LowShrub,Harvest,CrownClosure,WB
Bunchberry,30,Herb,Harvest,CrownClosure,WB
Fireweed,1,Herb,Harvest,CrownClosure,WB
Litter,20,Litter,Harvest,CrownClosure,WB
Honeysuckle,75,LowShrub,Harvest,CrownClosure,WB
Blueberry,50,LowShrub,Harvest,CrownClosure,WB
Bunchberry,10,Herb,Harvest,CrownClosure,WB
Strawberry,5,Herb,Harvest,CrownClosure,WB
Twinflower,5,Herb,Harvest,CrownClosure,WB
Feathermoss,75,Moss,Harvest,CrownClosure,WB
Blueberry,70,LowShrub,Harvest,CrownClosure,WB
Honeysuckle,10,LowShrub,Harvest,CrownClosure,WB